,train_loss,train_acc,val_loss,val_acc
1,0.8490832,0.7708971948172381,0.4120307,0.8863049095607235
